LOCALIDAD,TITULO,CLASIFICAC,DIRECCION,AUTOR,FECHA_ELAB,X,Y
La Candelaria,Agustin Codazzi,Relieve,KR 8 7 26,"Zerda, Eugenio",ca. 1938,"100028,53","100012,73"
La Candelaria,Alegoria al cafe,Relieve,AC 13 9 43,"Rodriguez Corredor, Jose Domingo",ca. 1931,"100156,72","100638,74"
Santa Fe,Alegoria al trabajo y al ahorro,Relieve,CL 15 8 32,"Rodriguez Corredor, Jose Domingo",1949,"100342,72","100669,89"
La Candelaria,Alejandro Petion,E_Antropomorfa,CL 21 4A 30 ESTE,"Acuña, Luis Alberto",ca.1952,"101563,51","100722,28"
La Candelaria,Alexander von Humboldt,E_Antropomorfa,KR 8 7 26,Anonimo,1850,"100012,65","100025,57"
La Candelaria,Alfiler tayrona,E_Abstracta,CL 11 4 21,"Ramirez Villamizar, Eduardo",ca. 1994,"100506,89","100029,27"
La Candelaria,Antonio Morales,E_Antropomorfa,AV CIRCUNVALAR 20 53,"Pinto Maldonado, Luis",1969,"101624,58","100710,78"
La Candelaria,Antonio Nariño,E_Antropomorfa,AC 20 5 17 ESTE,"Montañes y Montañes, Fernando",Sin fecha,"101524,35","100649,72"
La Candelaria,Antonio Nariño,E_Antropomorfa,KR 8 7 26,"Greber, Henri Leon",ca. 1910,"100087,92","100023,78"
La Candelaria,Arbol por el derecho a la vida y a la restitucion de tierras,Placa,KR 7 Y 8 - CL 8 Y 9,Jardin Botanico Jose Celestino Mutis,2011,"100081,18",99979
La Candelaria,Arqueria,Estructura arquitectonica,KR 2 - CL 12B,"Barrera Herrera, Alvaro",1986,"100875,6259","100121,9909"
Santa Fe,Aspas,E_Geometrica,CL 24 6 00,"Castles Gil, John",ca.1976,"100928,4623","101536,6398"
Santa Fe,Atanasio Girardot,E_Antropomorfa,CL 2A 1A 20,"Cano, Francisco Antonio",1926,"100240,1598","99002,07733"
Santa Fe,Terminacion construccion de la Iglesia Nuestra Señora de las Angustias,Placa,KR 13A 23 23,Anonimo,1918,"100397,56","101652,36"
La Candelaria,Bartolome Lobo Guerrero,E_Antropomorfa,KR 7 9 96,"RodrAguez del Villar, Antonio",1926,"100174,8917","100057,1518"
Santa Fe,Bases de la riqueza colombiana: agricultura y ganaderia,Relieve,KR 7 14 78,"Consorti, Vico",ca. 1958,"100486,1362","100584,8305"
Santa Fe,Bases de la riqueza colombiana: industria e ingenieria,Relieve,KR 7 14 78,"Consorti, Vico",ca. 1958,"100501,2413","100611,6434"
La Candelaria,Batalla de Ayacucho,Conjunto escultorico,KR 7 56,"Gonzalez Pola, Julio",1926,"100091,5","99844,85"
Santa Fe,Bocadillo de fe,E_Antropomorfa,TV 2A 1F 01,Familia Rojas,1986,"100239,338","98835,50305"
Santa Fe,Bogota 900 años,Mural,CL 19 8 48,"Mejia Villa, Yairo",ca. 1980,"100548,4","101106,72"
La Candelaria,Bosque cultural,E_Fitomorfa,CL 11 4 98,"Salcedo, Bernardo",1995,"100450,89","100107,77"
Santa Fe,Buzon de consignacion,Buzón,KR 10 20 30,Cuellar Serrano Gomez,ca. 1955,"100506,2203","101308,6756"
La Candelaria,Buzon de correo Avenida Jimenez,Buzón exento,AC 13 - KR 7,No aplica,ca. 1961,"100460,73","100562,46"
La Candelaria,Buzon de consignacion Banco Popular,Buzón,KR 8 11 73,No aplica,ca. 1952,"100181,6405","100354,8656"
Santa Fe,Buzon de consignacion Banco HSBC,Buzón,KR 8 15 46,No aplica,ca. 1955,"100400,06","100704,58"
Santa Fe,Buzon de correo carrera 7 con calle 24,Buzón exento,KR 7 - CL 24,No aplica,ca. 1961,"100802,15","101513,06"
La Candelaria,Buzon de consignacion Registraduria,Buzón,CL 12C 8 22,No aplica,ca. 1950,"100288,9252","100604,3424"
La Candelaria,Buzon de consignacion Banco Bancamia,Buzón,CL 12B 8 43,No aplica,ca. 1940,"100220,04","100500,43"
La Candelaria,Buzon de consignacion Bancolombia,Buzón,KR 8 12B 31,No aplica,Sin fecha,"100273,79","100515,38"
Santa Fe,Campana de la Iglesia de la Veracruz,Campana,KR 7 15 83,No aplica,1910,"100509,9923","100691,3754"
La Candelaria,Campanas de la Iglesia de San Juan de Dios,Campana,CL 12 9 89,No aplica,Campana norte:1781; campana oriental: 1820; campana occidental:,"100028,701","100487,1211"
La Candelaria,Campanas de la Iglesia de Nuestra Señora de La Candelaria,Campana,KR 4 11 62,No aplica,1887,"100552,95","100042,56"
La Candelaria,Campanas de la Iglesia de San Agustin,Campana,KR 7 7 13,No aplica,Campana oriental: 1760; campana sur: 1761; campana occidental:1882; Campana norte: 20 de julio de 1899,"99988,37015","99783,4095"
La Candelaria,Campanas del Museo Iglesia Santa Clara,Campana,KR 8 8 91,No aplica,Campana 1: 1796; campana 2: 1795; campana 3: 1791; campana 4: 1841,"100026,48","100088,86"
La Candelaria,Camilo Torres y Tenorio,E_Antropomorfa,KR 7 9 96,"Benitez Bolaños, Gerardo",1960,"100197,7138","100093,7081"
Santa Fe,Camilo Torres,E_Antropomorfa,KR 13 14 69,"Verlet, Raoul Charles",1910,"99930,33416","100897,5375"
La Candelaria,Campanas de la Catedral Primada de Colombia,Campana,KR 7 10 76,No aplica,Campana 1: 1763; campana 3: 1788; campana 5: 1916; campana 7: 1616,"100247,1154","100211,8732"
La Candelaria,Campanas de la Iglesia de Santa Barbara,Campana,CL 6B 6 95,No aplica,Campana superior: 1950,"99868,6","99544,07"
La Candelaria,Campanas de la Iglesia de Nuestra Señora de Belen,Campana,KR 3 5 95,No aplica,1925,"100335,6","99551,08"
Santa Fe,Campanas de la Iglesia de la Veracruz,Campana,KR 7 15 83,No aplica,Sin fecha,"100509,9923","100691,3754"
Santa Fe,Campanas de la Iglesia de La Capuchina,Campana,KR 13 14 29,No aplica,1931,"99901,73331","100878,6963"
Santa Fe,Campanas de la Iglesia de La Tercera,Campana,KR 7 16 07,No aplica,Campana norte: 1873; campana oriental: 1913,"100519,1","100719,77"
La Candelaria,Campanas de la Iglesia de Nuestra Señora de la Aguas,Campana,KR 3 18A 64,No aplica,Campana 4: 1914,"101184,978","100666,2052"
La Candelaria,Campanas de la Capilla del Sagrario,Campana,KR 7 10 76,No aplica,Campana 1: 1928; campana 2: 1881; campana 3: 1883; campana 4: 1680,"100220,7481","100168,2376"
Santa Fe,Campanas de la Iglesia de San Francisco,Campana,CL 26 7 30,No aplica,Campanas 2 y 5: 1797; campana 3: 1801;,"100475,3948","100608,0456"
La Candelaria,Campanas Iglesia de San Ignacio de Loyola,Campana,CL 10 6 47,No aplica,Campana 1: 1912; campana 2: 1686,"100225,4691","100085,4662"
Los Martires,Campanas de la Basilica Menor del Voto Nacional,Campana,KR 15 10 59,No aplica,1961,"99488,12791","100654,0479"
Santa Fe,Carlos Lleras Restrepo,E_Antropomorfa,AC 13 - KR 8,"Merizalde Price, Julia",2008,"100395,64","100639,33"
La Candelaria,Conmemoracion del Primer Centenario de la Independencia de Colombia,Placa,CL 10 - KR 7 Y KR 8,Comision Nacional del Centenario de la Independencia,1910,"100094,8","100167,71"
Santa Fe,Columna,E_Geometrica,CL 24 6 00,"Hoyos, Ana Mercedes",ca. 1976,"100928,1281","101536,5634"
La Candelaria,Conmemoracion de la construccion del Teatro Colon y los escenarios artisticos anteriores,Placa,CL 10 5 58,Instituto Colombiano de Cultura,1991,"100331,198","100039,4084"
La Candelaria,Conmemoracion del lugar de nacimiento de Rafael Pombo,Placa,CL 10 5 22,Academia Colombiana de la Lengua,1933,"100369,29","100017,38"
La Candelaria,Agradecimiento de los exalumnos del Colegio Nuestra Señora de la Presentacion,Placa,CL 10 5 89,Exalumnos del Colegio Nuestra Señora de la Presentacion Centro,1952,"100294,5326","100053,5489"
La Candelaria,Conmemoracion Conspiracion Septembrina,Placa,CL 10 5 89,"Tobar, Miguel",1828,"100313,75","100040,85"
La Candelaria,Jose Maria Cordoba,E_Antropomorfa,AC 20 5 17 ESTE,"Montoya, Octavio",Sin fecha,"101531,1","100646,54"
Santa Fe,Cruz,E_Geometrica,KR 2 ESTE 21 48,Arzobispado de Bogota,1998,"101826,9","100770,37"
Santa Fe,Cundinamarrum,Mural,AC 19 9 23,"Rayo, Omar",1989,"100456,13","101106,71"
La Candelaria,El dia y la noche,E_Adosadas,CL 9 9 27,"Otalora, Felix Maria",ca. 1926,"99903,64","100164,14"
La Candelaria,Declaracion de los derechos del hombre y el ciudadano,Placa,CL 10 - KR 6 Y KR 7,"Posada Diaz, Jaime",ca. 1967,"100250,91","100115,99"
Santa Fe,De signos vitales,E_Fitomorfa,KR 14 - CL 6,"Sanint Bernadas, Catalina",2001,"99418,40425","100107,735"
Santa Fe,Dinamismo,E_Abstracta,KR 5 15 80,"Negret, Edgar",ca. 1974,"100683,5","100592,5"
Santa Fe,Divino Niño,E_Antropomorfa,TV 2A 1F 01,Anonimo,ca. 1997,"100192,2543","98843,74865"
La Candelaria,El Magnicidio,E_Abstracta,KRS 8 YKR 8A - CL 7 Y CL 8,"Negret, Edgar",ca. 1996,"99907,21","99926,02"
Santa Fe,El trabajo rural,Relieve,KR 10 20 30,"Martinez, Hugo",ca. 1962,"100505,9307","101307,9799"
La Candelaria,En memoria de las victimas del holocausto del Palacio de Justicia,Placa,CL 12 7 65,Comite Ornato Palacio de Justicia de Bogota,ca. 2001,"100242,44","100346,84"
Santa Fe,Escudo de armas de Fray Luis Zapata de Cardenas,Relieve,CL 16 7 16,Arquidiocesis de Bogota,ca.1960,"100505,97","100709,25"
La Candelaria,Escudo de Armas de España,Relieve,CL 10 6 35,Anonimo,ca. 1767,"100242,0773","100079,2861"
Santa Fe,Escudo franciscano,Relieve,AC 13 7 35,Anonimo,Sin fecha,"100475,297","100608,0944"
La Candelaria,Estacion,Instrumento cientifico,KR 8 7 26,Anonimo,Sin fecha,"100006,43","99989,25"
Santa Fe,Felix Restrepo,E_Antropomorfa,KR 3 17 34,"Montañes y Montañes, Fernando",ca. 1979,"101021,95","100603,77"
Santa Fe,Francisco Jose de Caldas,E_Antropomorfa,KR 8 19 62,"Verlet, Raoul Charles",ca. 1910,"100666,42","101126,39"
Santa Fe,Fuente de la Facultad de Artes - Universidad Distrital Francisco Jose de Caldas,Fuente,KR 13 14 69,Anonimo,Sin fecha,"99925,70394","100900,7125"
La Candelaria,Fuente de la Casa Museo Quinta de Bolivar,Fuente,CL 20 2 91 ESTE,Anonimo,ca. 1943,"101535,2398","100696,7927"
Santa Fe,Fuente de la garza,Fuente,KR 7 Y KR 8 - CL 1 Y CL 2,No aplica,ca. 1875,"99588,79","99203,01"
La Candelaria,Fuente del Museo de la Independencia - Casa del florero,Fuente,KR 7 11 20,Anonimo,Sin fecha,"100262,02","100239,81"
La Candelaria,Fuente de la Plaza del Chorro de Quevedo,Fuente,KR 2- CL 12B,Anonimo,ca. 1969,"100869,743","100112,7551"
Santa Fe,Gabriel Betancourt Mejia,E_Antropomorfa,KR 3 18 32,"Merizalde Price, Julia",2010,"101015,34","100653,11"
La Candelaria,Gonzalo Jimenez de Quesada,E_Antropomorfa,AC 13 - KR 6,"Avalos y Tabora, Juan de",ca. 1960,"100511,39","100494,67"
La Candelaria,Grifos,Conjunto escultorico,CL 10 7 51,"Manrique Martin, Alberto",ca. 1926,"100100,68","100104,03"
La Candelaria,Hermogenes Maza Loboguerrero,E_Antropomorfa,KR 3 ESTE - CL 10 Y CL 11,Anonimo,ca. 1912,"100910,12","99747,69"
Santa Fe,Historia y ubicacion astronomica de Bogota,Placa,KR 13 14 69,Anonimo,1843,"99924,72498","100889,3883"
Santa Fe,Historia de la construccion de la Iglesia Nuestra Señora de los Dolores,Placa,KR 13 3 37,Anonimo,1950,"99101,3","99798,48"
Santa Fe,Hitos de la historia de Colombia,Placa,KR 13 14 69,Anonimo,1843,"99940,91751","100912,3542"
La Candelaria,Homenaje a los proceres ecuatorianos de la Independencia,Placa,CL 10 - KR 7 Y KR 8,Comision Nacional del Centenario de la Independencia,1910,"100166,9577","100124,6568"
La Candelaria,Homenaje a Jose Hilario Lopez,Placa,CL 10 - KR 7 Y KR 8,Republica de Colombia,1969,"100166,0475","100123,7255"
La Candelaria,Homenaje a Rafael Uribe Uribe,Placa,CL 10 - KR 7 Y KR 8,Congreso de la Republica,1914,"100168,7674","100124,6568"
La Candelaria,Homenaje a los mas ilustres gobernantes de la colonia,Placa,CL 10 - KR 7 Y KR 8,Comision Nacional del Centenario de la Independencia,1910,"100167,8467","100123,7467"
La Candelaria,Homenaje a Jose Celestino Mutis,Placa,KR 8 7 26,Cabildo de Bogota,1932,"100002,46","99997,85"
La Candelaria,Homenaje a Antonio Ricaurte,Placa,CL 10 - KR 7 Y KR 8,Comision Nacional del Centenario de la Independencia,1914,"100169,6882","100123,9054"
La Candelaria,Homenaje a los proceres venezolanos de la Independencia y la Legion Britanica,Placa,CL 10 - KR 7 Y KR 8,Comision Nacional del Centenario de la Independencia,1910,"100145,07","100133,32"
La Candelaria,Homenaje a los fundadores de la Sociedad Geografica de Colombia,Placa,KR 8 7 26,Sociedad Geograífica de Colombia,1953,"100000,08","99995,47"
La Candelaria,Homenaje a Jorge Eliecer Gaitan,Placa,KR 7 12C 31,Concejo de Bogota,ca. 1969,"100432,9907","100557,1698"
La Candelaria,Homenaje a Jose Prudencio Padilla,Placa,CL 10 - KR 7 Y KR 8,Congreso de Colombia,ca. 1974,"100145,07","100133,32"
La Candelaria,Homenaje a martires de la Independencia,Placa,CL 10 - KR 7 Y KR 8,Academia Colombiana de Historia,1944,"100166,0687","100122,0687"
La Candelaria,Homenaje a Policarpa Salavarrieta,Placa,CL 10 - KR 7 Y KR 8,Congreso Nacional,1967,100167,"100122,9577"
La Candelaria,Inmaculada Concepcion,E_Antropomorfa,KR 7 10 70,"Cabrera, Juan de",ca.1572,"100241,7401","100194,4384"
La Candelaria,Jardi¡n de los maestros de America,Conjunto escultorico,AVENIDA CIRCUNVALAR 20 53,"Pinto Maldonado, Luis",1985-1986,"101624,58","100710,78"
Santa Fe,Jorge Tadeo Lozano,E_Antropomorfa,KR 4 22 61,"Pinto Maldonado, Luis",1963,"101149,7","101127,77"
La Candelaria,Jose Celestino Mutis,E_Antropomorfa,KR 8 7 26,"Rodriguez del Villar, Antonio",1924,"100028,53","100012,73"
La Candelaria,Jose Maria Espinosa,E_Antropomorfa,KR 1 - CL 19A Y AC 20,"Vieco, Bernardo",1946,"101328,46","100748,97"
La Candelaria,Julio Garavito Armero,E_Antropomorfa,KR 8 7 26,"Vieco, Bernardo",ca. 1946,"100013,89","99985,32"
Santa Fe,La Gran Mariposa,E_Abstracta,AC 13 - KR 11 Y KR 12,"Negret, Edgar",2000,"99926,44386","100646,3326"
Santa Fe,Lanzando la onda,E_Abstracta,KR 13A - CL 23,"Obregon, Alejandro",ca. 1975,"100440,61","101581,52"
Santa Fe,Las edades de Bogota,Conjunto escultorico,KR 3 - CL 22,"Carbonell, Galaor",ca. 1988,"101181,32","101052,28"
Santa Fe,La paz y el trabajo,E_Adosadas,AC 13 7 32,"Otalora, Felix Maria",ca. 1930,"100391,02","100648,29"
La Candelaria,Lisboa antigua,Conjunto escultorico,CL 10 5 27,"Bretes, Susana",1988,"100346,9666","100016,842"
La Candelaria,Llama eterna homenaje a victimas del holocausto Palacio de Justicia,E_Geometrica,CL 12 7 65,Oficina del Alto Comisionado de las Naciones Unidas para los Derechos Humanos,2010,"100244,37","100328,86"
La Candelaria,Lugar donde cayo herido el General Rafael Uribe Uribe,Placa,CL 10 - KR 7 Y KR 8,"Anzola Samper, Marco Tulio",1914,"100167,8043","100122,0322"
La Candelaria,Luminarias del Palacio Lievano,Luminarias,KR 8 10 65,Anonimo,Sin fecha,"100109,89","100234,19"
La Candelaria,El malabarista,E_Antropomorfa,CL 13 - KR 1,"Olave, Jorge",ca. 1995,"100865,0345","100125,3614"
La Candelaria,Manuel Murillo Toro,E_Antropomorfa,KR 8 - CL 12 Y CL 13,"Verlet, Raoul Charles",1917,"100266,12","100442,09"
Santa Fe,Marco Fidel Suarez,E_Antropomorfa,KR 3 17 34,"Montaña, Mardoqueo",1967,"101029,1","100603,11"
Santa Fe,Metamorfosis,E_Zoomorfa,CL 24 5 75,"Montoya Echeverry, Santiago",2004,"100925,99","101452,86"
Santa Fe,Miguel Antonio Caro,Conjunto escultorico,KR 3 17 34,"Pourquet, Charles Henri",1913,"100990,02","100599,51"
La Candelaria,"La miner¡a, la fundicion y la agricultura",Relieve,CL 12C 8 79,"Vieco Ortiz, Bernardo",ca. 1937,"100232,68","100616,54"
La Candelaria,Minerva,E_Antropomorfa,CL 11 4 14,"Consorti, Vico",ca. 1958,"100530,93","100055,61"
La Candelaria,Mono de la pila,Fuente,KR 6 9 77,Anonimo,Pila: ca. 1584,"100243,1","100048,39"
Santa Fe,Monumento a la vida y al desarme ciudadano,Conjunto escultorico,KR 13 - CL 7A,"Lombana Piñeres, Hector",2008,"99445,97","100266,14"
La Candelaria,Mujer danzante,E_Abstracta,CL 18 1 30 ESTE,"Sopo Duque, Miguel Alfonso",ca. 1958,"101305,41","100363,64"
La Candelaria,Anuncio comercial en la Casa de los Comuneros,Mural,KR 8 9 97,Anonimo,Sin fecha,"100083,68","100182,87"
La Candelaria,"Virgen del Carmen, San Juan Bosco y San Francisco de Sales",Mural,KR 5 8 26,Anonimo,Sin fecha,"100285,17","99810,39"
Santa Fe,Nudobilia,Mural,KR 14 19 18,"Rayo, Omar",1989,"100173,86","101398,8"
Santa Fe,Nuestra Señora de las Nieves,E_Antropomorfa,KR 7 20 30,Anonimo,ca. 1922,"100707,974","101116,2939"
Santa Fe,Testimonio de la construccion de la nueva edificacion del Colegio La Merced,Placa,KR 13 14 69,Anonimo,1926,"99918,7983","100881,345"
La Candelaria,Obelisco a la confraternidad bolivariana,Conjunto escultorico,AC 20 5 17 ESTE,"Malagon Bravo, Eduardo",1999,"101515,75","100658,32"
Los Martires,Obelisco a los martires de la patria,Conjunto escultorico,AK 14 - CL 10,"Lambardi, Mario",1880,"99535,21","100620,55"
La Candelaria,Obelisco a la libertad,E_Geometrica,KR 7 11A 28,"Nariño, Antonio",1973,"100290,07","100221,16"
La Candelaria,Palma de Cera del Quindio,Placa,KR 7 Y KR 8 - CL 8 Y CL 9,Jardin Botanico del Quindio,ca.1984,"100081,18",99979
Santa Fe,Panteon nacional de los proceres Santa Veracruz,Conjunto escultorico,CL 16 7 16,Anonimo,Sin fecha,"100514,43","100689,27"
Santa Fe,Mejoramiento del antiguo paseo de la carrera 13,Placa,KR 13 14 69,Gobernacion Provincia de Bogota,1843,"99935,52","100904,84"
La Candelaria,Pila de la Iglesia de Nuestra Señora de las Aguas,Fuente,KR 3 18 66,Anonimo,Sin fecha,"101165,18","100669,36"
La Candelaria,Homenaje a los estudiantes muertos en 1954,Placa,KR 7 - CL 12B,Federacion de Estudiantes Colombianos,2004,"100338,92","100419,42"
Santa Fe,Homenaje a Nicolas David Neira,Placa,KR 7 18 10,"Neira Salamanca, Yuri Enrique",2006,"100640,0892","100911,1854"
Santa Fe,Conmemoracion de la construccion de la Iglesia Nuestra Señora de los Dolores,Placa,KR 13 3 37,Juntas de Defensa Civil y Accion Comunal Barrio San Bernardo,1970,"99106,85626","99807,21127"
La Candelaria,Homenaje a Miguel Samper Agudelo,Placa,KR 8 7 26,Congreso de la Republica de Colombia,1975,"100087,92","100023,78"
La Candelaria,Conmemoracion cuadragesimo aniversario de la firma del Tratado de Wisconsin,Placa,KR 7 - CL 9 Y CL 10,Republica de Colombia,1942,"100123,3","100045,18"
La Candelaria,Primera piedra Capitolio Nacional 1890,Placa,CL 10 - KR 7 Y KR 8,Anonimo,ca. 1890,"100168,6933","100122,9212"
Santa Fe,Oracion por la paz,Placa,KR 7 16 07,Orden Tercera Franciscana,1963,"100519,1","100719,77"
La Candelaria,Policarpa Salavarrieta,E_Antropomorfa,CL 18A - KR 2,"Benitez, Bolaños Gerardo",1969,"101101,79","100595,61"
Santa Fe,Portico,E_Geometrica,AK 14 CON CL 6A,Ramirez Villamizar Eduardo,ca.1998,"99271,78","100116,64"
La Candelaria,Primera piedra Capitolio Nacional 1848,Placa,CL 10 - KR 7 Y KR 8,"Mosquera, Tomas Cipriano de",ca. 1848,"100166,1745","100125,4188"
La Candelaria,Conmemoracion del Primer Congreso Obrero de Colombia,Placa,KR 8 - CL 9 Y CL 10,Anonimo,1924,"100123,3","100045,18"
La Candelaria,Proclama de Francisco de Paula Santander,Placa,CL 11 - KR 7 Y KR 8,Anonimo,ca. 1973,"100199,1681","100263,8277"
La Candelaria,Puerta del Palacio Cardenalicio,Relieve,KR 7A 10 20,"Consorti, Vico",ca. 1957,"100204,2917","100145,1632"
La Candelaria,Rafael Nuñez,E_Antropomorfa,CL 9 Y CL 10 - KR 7 Y KR 8,"Cano, Francisco Antonio",1921,"100093,61","100082,65"
Santa Fe,Reloj de la Iglesia de Nuestra Señora de las Nieves,Reloj,KR 7 20 30,No aplica,1940-1950,"100707,974","101116,2939"
Santa Fe,Reloj de la Relojeria Mido,Reloj,CL 17 7 59,No aplica,ca. 1970,"100517,8861","100834,6479"
Santa Fe,Rebeca,E_Antropomorfa,KR 12 Y KR 13 - CL 25 Y AC 26,Marmoleria Tito Ricci,ca. 1926,"100674,64","101769,9"
La Candelaria,Reloj del Observatorio Astronomico Nacional,Reloj,KR 8 8 00,No aplica,ca. 1940,"100000,65","99994,19"
La Candelaria,Reloj Banco del Caribe 2,Reloj,CL 13 7 90,Anonimo,ca.1930,"100221,23","100385,82"
La Candelaria,Reloj de la Casa de Moneda,Reloj,CL 11 4 93,No aplica,1954,"100440,44","100096,35"
Santa Fe,Reloj de la Iglesia de La Capuchina,Reloj,KR 13 14 29,No aplica,1931,"99904,3","100881,76"
La Candelaria,Reloj de la Catedral Primada de Colombia,Reloj,KR 7 10 76,No aplica,Campana mayor: 1908,"100244,7807","100208,472"
Santa Fe,Reloj de la Iglesia de Nuestra Señora del Carmen de Las Cruces,Reloj,KR 7 1D 07,No aplica,1910,"99601,09","99126,84"
La Candelaria,Reloj de la Iglesia de Nuestra Señora de la Huida a Egipto,Reloj,KR 4 ESTE 10A 02,No aplica,Mecanismo maestro: 1906 - 1916; campana 2: 1849; campana 3: 1940,"100945,8255","99704,96896"
La Candelaria,Reloj de la Iglesia de Nuestra Señora del Carmen,Reloj,KR 5 8 26,No aplica,ca. 1938,"100285,1842","99810,38425"
La Candelaria,Reloj Edificio Pedro A. Lopez,Reloj,KR 8 12C 24,No aplica,ca 1923,"100328,7417","100579,6567"
Santa Fe,Reloj de la Iglesia de San Francisco,Reloj,CL16 7 35,Anonimo,1926,"100475,4855","100608,0004"
La Candelaria,Reloj Iglesia de San Ignacio,Reloj,CL 10 6 35,No aplica,1909,"100225,4691","100085,4662"
Los Martires,Reloj de la Basilica Menor del Voto Nacional,Reloj,KR 15 10 73,No aplica,Mecanismo: 1938,"99497,98","100666,15"
La Candelaria,Escultura No. 28 Figura Guerrero (Reproduccion),E_Antropomorfa,CL 6 Y CL 8 - KR 7 Y KR 8,Anonimo,Sin fecha,"100077,74","99981,18"
Santa Fe,Escultura No. 44 del Parque Arqueologico de San Agustin (Reproduccion),E_Antropomorfa,KR 7 Y KR 8 - CL 1 Y CL 2,Anonimo,Sin fecha,"99579,47352","99213,12115"
Santa Fe,Escultura No. 22 Ave con Serpiente (Reproduccion),E_Zoomorfa,CL 26 - KR 11,Anonimo,Sin fecha,"100721,4775","101771,592"
La Candelaria,Ricardo Palma,E_Antropomorfa,KR 3 - CL 18,"Agurto Olaya, Luis Felipe",ca. 1968,"101144,67","100673,86"
La Candelaria,Rufino Jose Cuervo,E_Antropomorfa,CL 10 - KR 6 Y KR 7,"Verlet, Raoul Charles",1913,"100250,78","100104,61"
Santa Fe,San Jose y el niño,E_Adosadas,KR 13 14 29,Anonimo,ca. 1832,"99905,56","100880,96"
La Candelaria,San Pablo,E_Adosadas,KR 7 10 68,"Cabrera, Juan de",ca.1572,"100234,3049","100188,151"
La Candelaria,San Pedro,E_Adosadas,KR 7 10 70,"Cabrera, Juan de",ca. 1572,"100241,3928","100201,6827"
La Candelaria,San Pedro Claver,E_Adosadas,KR 7 10 70,"Barba Guichard, Ramon",ca.1947,"100243,0119","100205,0073"
Santa Fe,Francisco de Paula Santander,E_Antropomorfa,CL 15 Y CL 16 - KR 6 Y KR 7,"Costa, Pietro.",1874,"100540,4853","100638,821"
La Candelaria,Francisco de Paula Santander,E_Antropomorfa,AC 20 5 17 ESTE,"Montoya, Octavio",Sin fecha,"101535,99","100643,51"
La Candelaria,Santa Rosa de Lima,E_Adosadas,KR 7 10 70,"Barba Guichard, Ramon",ca.1947,"100238,549","100198,0812"
Santa Fe,Santa Elena,E_Adosadas,CL 16 7 16,Anonimo,Sin fecha,"100514,43","100689,27"
Santa Fe,San Juan Bautista de la Salle,E_Antropomorfa,CL 3 - KR 12A,Sociedad de padres de familia y antiguos alumnos del Institutro San Bernardo,ca. 1951,"99153,25793","99777,92993"
La Candelaria,San Juan Bosco,E_Antropomorfa,KR 5 8 28,"Cellini, Gaetano",1932,"100294,17","99825,08"
La Candelaria,Simon Bolivar,E_Antropomorfa,CL 10 Y CL 11 - KR 7 Y KR 8,"Tenerani, Pietro",1843,"100161,88","100191,59"
La Candelaria,Simon Bolivar,E_Antropomorfa,CL 20 2 91 ESTE,MarmolerAa Tito Ricci,Herma: ca.1928,"101545,65","100697,01"
Santa Fe,Sin titulo,Relieve,CL 16 6 34,"Villegas, Armando",1958,"100612,8","100658,11"
Santa Fe,Sin titulo,E_Abstracta,CL 24 6 00,"Bursztyn, Feliza",ca. 1973,"100928,2162","101536,9097"
Santa Fe,Simbolos de la pasion de Cristo,E_Adosadas,AC 13 7 35,Anonimo,Sin fecha,"100469,0639","100611,2032"
La Candelaria,Santa Isabel de Hungria y San Luis Bertran Patronos de la Catedral,E_Adosadas,KR 7 10 70,"Barba Guichard, Ramon",ca.1947,"100238,4239","100196,6038"
Santa Fe,Templete al Libertador,Conjunto escultorico,AC 13 KR 3 Y KR 4,Templete: Pietro Cantini Loi Ornamentacion: Luigi Ramelli Escultura: Gerardo Benitez,Templete: 1883,"100924,54","100545,6"
La Candelaria,Testimonio de la terminacion de la Casa de Moneda,Placa,CL 11 4 93,Anonimo,1756,"100458,8666","100086,0677"
La Candelaria,Tomas Cipriano de Mosquera,E_Antropomorfa,CL 10 Y CL 9 - KR 7 Y KR 8,"Von Miller, Ferdinand",1881,"100114,91","100119,89"
Santa Fe,Torre Machu Picchu,E_Abstracta,CL 24 6 00,"Ramirez Villamizar, Eduardo",ca. 1986,"100937,64","101552,74"
La Candelaria,Faraon Tutmosis III,E_Antropomorfa,CL 7 4 49,Anonimo,ca. 2002,"100259,7042","99733,67886"
Santa Fe,Via crucis tercera estacion: Jesus cae por primera vez,Conjunto escultorico,KR 2 ESTE 21 48,Anonimo,ca. 1900,"102506,9938","100894,6029"
Santa Fe,Via crucis decima cuarta estacion: Jesus es colocado en el sepulcro,Conjunto escultorico,KR 2 ESTE 21 48,Anonimo,ca. 1900,"102487,7359","100988,6198"
Santa Fe,Via crucis septima estacion: Jesus cae por segunda vez,Conjunto escultorico,KR 2 ESTE 21 48,Anonimo,ca. 1900,"102499,7437","100977,7676"
Santa Fe,Via crucis octava estacion: Jesus consuela a las mujeres de Jerusalen,Conjunto escultorico,KR 2 ESTE 21 48,Anonimo,ca. 1900,"102489,0483","100945,8668"
Santa Fe,Via crucis quinta estacion: Jesus es ayudado por Simon el Cirineo,Conjunto escultorico,KR 2 ESTE 21 48,Anonimo,ca. 1900,"102499,5364","101005,9766"
Santa Fe,Via crucis sexta estacion: La Veronica enjuga el rostro del Señor,Conjunto escultorico,KR 2 ESTE 21 48,Anonimo,ca. 1900,"102501,985","100958,1801"
Santa Fe,Via crucis segunda estacion: Jesus con la cruz a cuestas,Conjunto escultorico,KR 2 ESTE 21 48,Anonimo,ca. 1900,"102515,5279","100876,1256"
Santa Fe,Via crucis decima quinta estacion: Jesus resucita al tercer dia,E_Antropomorfa,KR 2 ESTE 21 48,Anonimo,ca. 1900,"102504,4193","100936,9068"
Santa Fe,Via crucis novena estacion: Jesus cae por tercera vez,Conjunto escultorico,KR 2 ESTE 21 48,Anonimo,ca. 1900,"102469,4237","100906,9625"
Santa Fe,Via crucis decima tercera estacion: Jesuss es bajado de la cruz,Conjunto escultorico,KR 2 ESTE 21 48,Anonimo,ca. 1900,"102478,6475","100971,2631"
Santa Fe,Via crucis cuarta estacion: Jesus encuentra a su santisima madre,Conjunto escultorico,KR 2 ESTE 21 48,Anonimo,ca. 1900,"102507,6468","100914,821"
Santa Fe,Via crucis primera estacion: Jesus es sentenciado a muerte,Conjunto escultorico,KR 2 ESTE 21 48,Anonimo,ca. 1900,"102522,1457","100856,5172"
Santa Fe,Via crucis decima estacion: Jesus es despojado de sus vestidos,Conjunto escultorico,KR 2 ESTE 21 48,Anonimo,ca. 1900,"102471,4971","100922,6143"
Santa Fe,Via crucis decima primera estacion: Jesus es clavado en la cruz,Conjunto escultorico,KR 2 ESTE 21 48,Anonimo,ca. 1900,"102473,2103","100936,8937"
Santa Fe,Via crucis decima segunda estacion: Jesus muere en la cruz,Conjunto escultorico,KR 2 ESTE 21 48,Anonimo,ca. 1900,"102475,0359","100953,1127"
La Candelaria,Vigilante,E_Abstracta,KR 7 Y KR 8 - CL 8 Y CL 9,"Negret, Edgar",1978,"100047,7441","99974,84081"
La Candelaria,Virgen con niño,E_Adosadas,KR 3 18 66,Anonimo,Sin fecha,"101181,19","100666,59"
Santa Fe,Virgen del Carmen,E_Antropomorfa,TV 2A 1F 01,Anonimo,ca. 1997,"100191,9988","98843,79044"
Fontibon,La ventana,E_Geometrica,AC 26 - KR 85,"Rojas Gonzalez, Carlos",ca. 1994,"95411,92041","108959,6262"
Fontibon,El viajero,E_Antropomorfa,AC 26 - KR 107,"Segui, Antonio",ca. 1994,"93749,69","110596,55"
Santa Fe,Niño abrazando un ave,Fuente,KR 7 - CL 36,Marmoleria Tito Ricci,ca. 1926,"101344,63","103134,56"
Santa Fe,Pedro Alcantara Herran,E_Antropomorfa,KR 7 - CL 36,"Montañes y Montañes, Fernando",ca. 1972,"101429,46","103041,61"
Santa Fe,Fuente Santo Domingo,Fuente,KR 7 - CL 36,Anonimo,ca. 1648,"101454,9","103073,17"
Santa Fe,Torre del reloj,Reloj,KR 7 - CL 36,No aplica,1938,"101414,84","103084,72"
Santa Fe,Monumento a la bandera,E_Antropomorfa,CL 39 - AVENIDA CIRCUNVALAR Y TV 2,"Reyes Gutierrez, Carlos",1938,"101640,3174","103107,0673"
Chapinero,Rita 5:30 pm,E_Antropomorfa,KR 7 - CL 36,"Grau Araujo, Enrique",ca. 2000,"101322,6807","103245,6222"
Santa Fe,Camilo Torres,E_Antropomorfa,AK 7 33 64,"Pinto Maldonado, Luis",1948,"101133,9387","102666,2239"
Santa Fe,Nave espacial o Pajaro Antediluviano,E_Abstracta,AC 26 13 97,"Ramirez Villamizar, Eduardo",1979,"100666,2675","102104,8481"
Santa Fe,Carrusel,Maquinaria,AC 26 Y CL 27 - KR 5 Y KR 7,Constructores Mecanicos Asociados Ltda.,ca. 1977,"101031,17","101709,97"
Santa Fe,Nicolas Copernico,E_Antropomorfa,CL 26 Y CL 27 - KR 5 Y KR 7,"Lodziana, Tadeusz",1974,"101020,8741","101767,4005"
Santa Fe,Escultura No. 28 del Parque Arqueologico de San Agustin (Reproduccion),E_Antropomorfa,CL 26 - KR 9,Anonimo,Sin fecha,"100814,3002","101732,7174"
Santa Fe,Fuente del sesquicentenario,Fuente,KR 7 26 91,"Acuña, Luis Alberto",ca. 1960,"100877,71","101913,24"
Santa Fe,George Washington,E_Antropomorfa,KR 10 - AC 26,"Pinto Maldonado, Luis",1963,"100821,5555","101770,8966"
Santa Fe,Niño abrazando un delfin,Fuente,KR 10 - AC 26,Marmoleria Tito Ricci,ca. 1926,"100804,5823","101774,6352"
Santa Fe,Francisco de Miranda,E_Antropomorfa,KR 13 - CL 28,Anonimo,Sin fecha,"100827,1634","102142,3104"
Santa Fe,Jose de San Martin,E_Ecuestre,KR 13 32 52,"Daumas, Louis Joseph",ca. 1941,"100999,0749","102460,9025"
Santa Fe,Sin titulo,E_Abstracta,KR 13 28 18,"Alvarez, Raul",2000,"100915,4093","102246,7177"
Santa Fe,16 torres,E_Geometrica,KR 6 ESTE - CL 35,"Ramirez Villamizar, Eduardo",1973,"101986,8056","102505,6403"
Santa Fe,Jorge Eliecer Gaitan,E_Antropomorfa,CL 32 Y CL 31A - KR 3ABIS Y KR 4BISA,Anonimo,ca. 1980,"101412,8587","102317,6319"
Santa Fe,Primera Piedra Parque Nacional Enrique Olaya Herrera,Placa,AK 3 37 40,Anonimo,1938,"101277,1348","103104,6231"
Santa Fe,Venado de oro,E_Zoomorfa,KR 4 ESTE 17 50,Anonimo,ca. 1948,"101451,7877","100224,2745"
Santa Fe,Carlos Martinez Silva,E_Antropomorfa,AC 26 Y CL 27 - KR 5 Y KR 7,MarmolerAa Tito Ricci,ca. 1930,"100897,7655","101698,9553"
Santa Fe,Nuestra Señora de Guadalupe,E_Adosadas,KM 5 VIA BOGOTA - CHOACH├ì,"Arcila Uribe, Gustavo",ca. 1946,"102169,93","99878,32"
Santa Fe,Sin titulo,E_Geometrica,KR 7 26 99,"Castles Gil, John",ca.1984,"100914,07","101936,46"
Santa Fe,Cruz atrial,E_Geometrica,KR 7 26 47,Anonimo,ca. 1929,"100848,68","101806,02"
Santa Fe,Esfuerzo,E_Antropomorfa,DG 31A 6 90,"Arango Muñoz, Salvador",ca. 1984,"101026,5107","102374,566"
Santa Fe,Homenaje a Nuestra Señora de La Peña,Placa,DG 6 ESTE 6 16,"Garzon, Tomas",1886,"101327,3204","98889,15826"
Santa Fe,Conmemoracion tercer centenario Iglesia Nuestra Señora de La Peña,Placa,DG 6 ESTE 6 16,"Rojas Z., Hernando",1985,"101325,0386","98885,53596"
Santa Fe,Campanas del Santuario de Nuestra Señora de la Peña,Campana,DG 6 ESTE 6 16,No aplica,No aplica,"101329,6023","98891,93822"
Santa Fe,Puente de Boyaca,Infraestructura Ingenieril,EJE AMBIENTAL - KR 3,Anonimo,1905,"101142,31","100721,18"
Santa Fe,Jorge Eliecer Gaitan,E_Antropomorfa,KR 4A ESTE 5 20,"Benitez Bolaños, Gerardo",1968,"100834,44","99287,05"
San Cristobal,Conmemoracion casa natal Jorge Eliecer Gaitan,Placa,CL 1 8 22,Direccion Nacional Liberal,1998,"99386,01509","99049,2731"
Santa Fe,Joaquin F. Velez,E_Antropomorfa,CL 26 Y CL 27 - KR 5 Y KR 7,Marmoleria Italiana,ca. 1927,"100933,27","101706,53"
Santa Fe,Reloj del Parque Central Bavaria,Reloj,KR 13 28 18,"Ceron, Fernando Jose",1991,"100910,5005","102251,1483"
Santa Fe,Reloj Edificio Ecopetrol,Reloj,KR 13 36 24,No aplica,ca. 1958,"101099,6081","103106,2974"
Santa Fe,Campanas de la Iglesia de Nuestra Señora de las Nieves,Campana,CL 20 6 10,No aplica,Campana 2: 1885; Campanas 3 y 4: 1882,"100708,9","101115,32"
Santa Fe,Vientre contaminado y vientre prestado,E_Abstracta,KR 13 28 18,"Arango, Maria Cecilia",1997,"100883,1792","102300,4987"
Santa Fe,Primer sillar Biblioteca Nacional de Colombia,Placa,CL 24 5 60,Anonimo,1933,"100987,6527","101444,2012"
Santa Fe,Bosque de la libertad,Placa,AC 26 Y CL 27 - KR 5 Y KR 7,Fundacion Alegria de Vivir,1999,"101039,1648","101680,7218"
,,,,Junta Administradora Local,,,
,,,,Alcaldia local de Santafe,,,
,,,,Instituto Distrital de Cultura y Turismo,,,
Santa Fe,Calle de las escalinatas,Placa,AC 26 Y CL 27 - KR 5 Y KR 7,Fundacion Alegria de Vivir,1999,"101024,1954","101760,921"
Santa Fe,Campanas de la Iglesia de San Diego,Campana,AC 13 7 16,Anonimo,Sin fecha,"100848,68","101806,02"
Santa Fe,Machan de Infantas,Maquinaria,KR 13 36 24,Lufkin Industries,ca.1925,"101110,34","103127,02"
Santa Fe,Historia Iglesia Nuestra Señora de La Peña,Placa,DG 6 ESTE 6 16,Consejo Episcopal Latinoamericano,ca. 1985,"101329,8552","98897,83459"
Santa Fe,Mujer abierta,E_Antropomorfa,KR 13A 37 68,"Martinez Charry, Octavio",ca. 1983,"101055,61","103291,43"
Santa Fe,Virgen Maria,E_Antropomorfa,DG 6 ESTE 6 16,"Struve Haker, Ricardo",1948,"101335,2679","98871,04896"
Santa Fe,"La tragedia, la musica, la filmografia, la danza y la comedia",Relieve,KR 7 22 47,"Vieco Quiroz, Bernardo",ca. 1942,"100765,6767","101378,3839"
Santa Fe,Placas conmemorativas Santuario Nuestra Señora de Guadalupe,Placa,KM 5 VIA BOGOTA - CHOACH├ì,Arzobispado de Bogota,Placa 1: 1946,"102267,14","99748,88"
Santa Fe,Conmemoracion Televisora Nacional e Inravision,Placa,CL 24 5 60,Inravision,ca.1994,"100976,52","101449,56"
Santa Fe,Salvador Camacho Roldan,E_Antropomorfa,CL 26 Y CL 27 - KR 5 Y KR 7,"Triscornia di Ferdinando, Paolo (herma)",ca. 1919 (herma y pedestal),"100920,83","101681,93"
Santa Fe,Al viento,E_Abstracta,KR 7 - CL 36,"Rueda, Ana Maria",1995,"101516,68","102873,28"
Santa Fe,Enrique Olaya Herrera,E_Antropomorfa,KR 7 - CL 36,"Gomez Castro, Carlos Julio",ca. 1940,"101524,0132","102914,3865"
Santa Fe,Francisco de Orellana,E_Antropomorfa,AK 7 - CL 36,"Pinto Maldonado, Luis",ca. 1940,"101513,77","103076,42"
Santa Fe,Monumento al general Rafael Uribe Uribe,Conjunto escultorico,AK 7 - CL 36,"Macho Rogado, Victorio",ca. 1940,"101302,23","103055,45"
Teusaquillo,El niño volador,E_Antropomorfa,AC 26 24 34,"Salmones, Victor",ca. 1977,"99979,57796","102934,2385"
Teusaquillo,La barda,E_Antropomorfa,CL 26 24 34,"Salmones, Victor",ca.1977,"99967,90119","102946,0893"
Teusaquillo,Jose Artigas,E_Antropomorfa,CL 34 26 36,"Blanes, Juan Luis",ca. 1990,"99898,33","103182,42"
Teusaquillo,Monumento a la dignidad Luis Carlos Galan Sarmiento,E_Antropomorfa,KR 29 - CL 34 Y CL 36,"Hernandez Pinto, Alejandro",ca. 1991,"99928,14444","103167,2079"
Teusaquillo,La danzarina,Conjunto escultorico,KR 28 - CL 40A,"Sopo Duque, Miguel",1996 (escultura),"99849,44168","103833,4087"
Teusaquillo,General O'Leary,E_Antropomorfa,TV 16 - CL 45 SUR Y CL 46 SUR,"Luisi, Ugo",1917,"100774,78","104287,68"
Teusaquillo,Monumento a los militares y policias caidos en combate,E_Geometrica,AC 26 - KR 57 Y KR 59,,ca. 2002,"97796,24","105456,89"
Teusaquillo,Longos,E_Geometrica,AC 26 - KR 50,"Zapata, Hugo",ca. 1994,"98089,26","104895,17"
Teusaquillo,"El genio, Simon Bolivar",E_Antropomorfa,CL 63 Y AC 53 - KR 60 Y KR 68,"Macho Rogado, Victorio",ca. 1945 (maqueta),"98535,34406","106868,7159"
Teusaquillo,Homenaje muisca,E_Abstracta,KR 60 ENTRE CL 63 Y TV 59A,"Ramirez Villamizar, Eduardo",ca. 2001,"98851,24477","106563,8287"
Teusaquillo,Jaime Garzon,E_Antropomorfa,AK 40 - AC 24,"Hernandez, Alejandro",ca.1999,"98285,4998","103810,1055"
Teusaquillo,Obelisco,E_Geometrica,AVENIDA LA ESPERANZA - CL 58,Anonimo,ca. 2000,"97446,58","105185,94"
Teusaquillo,Eclipse,E_Abstracta,AC 26 - KR 62,"GurrAa, Angela",ca.1992,"97484,64","105791,29"
Teusaquillo,Caracol en crecimiento ilimitado,E_Abstracta,AC 26 66 63,"RamArez Villamizar, Eduardo",ca. 1980,"97321,87","105894,08"
Puente Aranda,Pedro Leon Trabucchi,E_Antropomorfa,AC 19 - KR 34,"Montañes y Montañes, Fernando",ca.1980,"98457,03","102775,19"
Teusaquillo,Rafael Pombo,E_Antropomorfa,TV 26 B - CL 41,Anonimo,ca. 2012,"99994,82","103896,41"
Teusaquillo,Clamor a la paz,E_Abstracta,TV 16A - CL 45 Y CL 46,"Santxotena, Xavier",2007,"100791,88","104251,08"
Teusaquillo,Turbina hidraulica,Maquinaria,AC 26 66 63,"Pelton, Lester Allan",ca. 1960,"97342,21","105882,72"
Teusaquillo,Sin titulo,E_Geometrica,KR 35 26 14,"Castles Gil, John",ca.1983,"99486,40329","103660,0917"
Teusaquillo,Gilberto Alzate Avendaño,E_Antropomorfa,AC 57 - DG 61B,"MartAnez, Hugo",1985,"100274,51","105491,09"
Teusaquillo,Reloj de la Iglesia de Santa Teresita del Niño Jesus,Reloj,KR 18A 43A 83,Instituto Tecnologico Eloy Valenzuela,Sin fecha,"100667,8","104002,5"
Teusaquillo,Alvaro Gomez Hurtado,E_Antropomorfa,AK 14 - CL 44,Anonimo,ca. 1996,"101046,53","103932,58"
Teusaquillo,Templete eucaristico,Estructura arquitectonica,CL 63 Y AC 53 - KR 48 Y KR 68,"Serrano Camargo, Gabriel",ca. 1968,"98231,9622","107226,2416"
Teusaquillo,Alma peregrina,E_Antropomorfa,CL 63 Y AC 53 - KR 48 Y KR 68,"Merizalde Price, Julia",2011,"98160,91","107140,2"
Teusaquillo,Buzon de correo Clinica Palermo,Buzón exento,CL 47 22 02,No aplica,ca. 1965,"100432,5758","104358,3848"
Teusaquillo,Poniente,Conjunto escultorico,CL 24BIS 66 90,"Zapata, Hugo",ca. 2011,"96892,94982","105975,8689"
Barrios Unidos,Niveladora Calle 63,Maquinaria,AC 63 - KR 48,No aplica,ca. 1919,"99320,5","106328,15"
Teusaquillo,Casanovas & Mannhein Arquitectos,Placa,TV 17A 36 60,Casanovas & Mannhein Arquitectos,ca. 1930,"100588,49","103268,88"
Teusaquillo,Casanovas & Mannhein Arquitectos,Placa,KR 16 35 70,Casanovas & Mannhein Arquitectos,ca. 1930,"100742,08","103157,49"
Teusaquillo,Ala solar,E_Abstracta,AVENIDA DE LAS AM├ëRICAS - AC 26,"Otero, Alejandro",ca. 1975,"99713,31","103184,58"
Teusaquillo,Escudo orden de los carmelitas descalzos,Relieve,KR 18A 43A 83,Anonimo,ca. 1943,"100667,8","104002,5"
Teusaquillo,Casanovas & Mannhein Arquitectos,Placa,TV 17BIS 35 35,Casanovas & Mannhein Arquitectos,ca. 1930,"100591,56","103152,75"
Teusaquillo,Casanovas & Mannhein Arquitectos,Placa,KR 17 34 49,Casanovas & Mannhein Arquitectos,ca. 1930,"100593,03","103081,47"
Teusaquillo,Casanovas & Mannhein Arquitectos,Placa,KR 15 33A 46,Casanovas & Mannhein Arquitectos,ca. 1930,"100802,88","102942,54"
Teusaquillo,Reloj de la Iglesia de Santa Ana,Reloj,KR 16 33A 01,No aplica,Sin fecha,"100649,825","102912,1688"
Teusaquillo,Niveladora Centro Administrativo Distrital,Maquinaria,AK 30 25 90,No aplica,Sin fecha,"99573,04","103294,37"
Teusaquillo,Reloj de la Parroquia del Divino Salvador,Reloj,KR 17 56 27,No aplica,Mecanismo ca. 1951; SonerAa: 1961,"100943,2691","105315,3014"
Teusaquillo,Eugenio Espejo,E_Antropomorfa,KR 30 - AC 26,"Negrete, Antonio",ca. 1990,"99612,9","103343,77"
Teusaquillo,Jose Prudencio Padilla,E_Antropomorfa,KR 24 ESTE - CL 37 Y CL 39,"Benitez Bolaños, Gerardo",ca. 1965,"100252,0488","103405,8498"
Teusaquillo,Pedro Nel Ospina,E_Antropomorfa,CL 42 - AK 14,"Noris, Amadeo",ca. 1940,"101015,5035","103755,1995"
Teusaquillo,Fabio Lozano Simonelli,E_Antropomorfa,CL 37 14 63,"Montañes y Montañes, Fernando",1985,"100888,9247","103247,4184"
Teusaquillo,Jorge Eliecer Gaitan,E_Antropomorfa,AC 26 - AK 19,Anonimo,ca. 1966,"100232,5999","102600,188"
Chapinero,La gran cascada,E_Abstracta,CL 88 - AK 15,"Negret, Edgar",ca. 2000,"102649,9839","108501,8343"
Fontibon,Todas las banderas,E_Antropomorfa,AC 24 - KRA 68A,"RodrAguez Forero, Guillermo",1996,"96616,85","106094,92"
Fontibon,Doble victoria alada,E_Abstracta,AC 26 - KR 109,"RamArez Villamizar, Eduardo",ca. 1994,"93557,47","110702,38"
Barrios Unidos,Heroes ignotos de la Independencia,Conjunto escultorico,CL 63 - KR 50,"Rubio, Cipriano (diseño)",1910,"98790,72052","106964,3806"
Teusaquillo,Alegoria Colombia,Relieve,KR 30 48 51,"Sopo Duque, Miguel Alfonso",1960,"99747,44","104700,91"
Teusaquillo,Trujillo Gomez y Cardenas Martinez.,Placa,TV 17BIS 35 25,"Trujillo Gomez, Santiago",1935,"100597,8798","103138,7599"
Teusaquillo,Santa Teresita del Niño Jesus,E_Adosadas,KR 18A 43A 83,Anonimo,ca. 1943,"100667,8","104002,5"
Teusaquillo,Jose Maria Da Silva Paranhos Jr.,E_Antropomorfa,KR 17 - CL 38 Y CL 39,"Benitez Bolaños, Gerardo",1994,"100679,7936","103398,52"
Teusaquillo,Heriberto de la Calle,E_Antropomorfa,AC 26 51 53,"Hernandez, Alejandro",ca. 2000,"97925,32","104940,6"
Teusaquillo,Ilusion,E_Antropomorfa,AK 30 52 77,"Arango, Salvador",2011,"99770,61328","105062,7363"
Barrios Unidos,Niños de mi pais,Conjunto escultorico,CL 63 Y 53 - KR 60 Y 68,"Ruiz Quiroga, Hector. Esculturas: Hector, Armando, Karen Milena, Melisa, Jimena, Camilo, David, Laura Victoria, Daniela, Sarita, Sebastian, Daniel, Juan David, Laurita",1999,"98707,21175","107483,48"
Fontibon,Metamorfosis,E_Abstracta,KR 106 15D 25,"Negret, Edgar",ca. 1997,"91357,75604","108389,538"
Chapinero,Homenaje a Francisco de Paula Velez,Placa,KR 9A 62 22,Academia Colombiana de Historia,1948,"101736,5269","105786,638"
,,,,Junta de Festejos Patrios,,,
Chapinero,Jose Maria Carbonell,Conjunto escultorico,AC 63 Y DG 63 - KR 8 Y KR 7A,"Vieco Ortiz, Bernardo",ca. 1944,"101876,0878","105794,2967"
Chapinero,Jose Vicente Arbelaez Gomez,E_Antropomorfa,CL 63 Y CL 64 - KR 9A Y KR 10,"Guastalla, Gino",1924,"101756,9874","105880,9991"
Chapinero,Antonio Jose de Sucre,E_Antropomorfa,AK 11 - CL 63A y CL 64,"Verlet, Charles Raoul",ca. 1912,"101641,1","105944,17"
Chapinero,Madona con hijo,E_Antropomorfa,CL 67 10 67,"Arango Muñoz, Salvador",ca. 1984,"101865,7281","106188,9046"
Chapinero,Luis Eduardo Nieto Caballero,E_Antropomorfa,CL 67 Y CL 68 - KR 13 Y AK 14,"Montañes y Montañes, Fernando",ca.1959,"101608,5803","106414,3766"
Chapinero,Triada,E_Abstracta,CL 70A 13 83,"Beltran Castiblanco, Gabriel",2005,"101720,6611","106732,2498"
Chapinero,Giordano Bruno,E_Antropomorfa,CL 69A - KR 9,"Urrutia Mora, Miguel",ca. 1990,"102045,3487","106332,597"
Chapinero,Mujer con rueda y alas,Conjunto escultorico,KR 7 71 21,"Amaral, Jim",ca. 1996,"102403,63","106446,74"
Chapinero,Bernardo O'Higgins,E_Antropomorfa,AC 72 - KR 9,Anonimo,Sin fecha,"102296,01","106598,89"
Santa Fe,Antonio Baraya,E_Antropomorfa,KR 13 - DG 40A,"Vieco Ortiz, Bernardo",1942,"101128,5848","103431,5881"
Chapinero,San Francisco de Asis,Conjunto escultorico,KR 11 - AC 72,"Montañes y Montañes, Fernando",1983,"102126,1156","106753,012"
Chapinero,Primera piedra iglesia y colegio San Buenaventura,Placa,KR 11 - AC 72,Orden franciscana,1919,"102122,824","106748,2443"
Chapinero,Jose Enrique Roda,E_Antropomorfa,AC 72 - KR 11 Y KR 12,"Prati, Edmundo",ca. 1942,"101942,25","106842,05"
Chapinero,Dinamismo 1 y 2,E_Antropomorfa,KR 9 74 08,"Arango Muñoz, Salvador",ca. 1983,"102432,375","106801,3961"
Chapinero,Homenaje a Bernardo O'Higgins,Placa,KR 6 - CL 77,Colonia chilena en Bogota,1984,"102863,29","106929,54"
Chapinero,Benito Juarez,E_Antropomorfa,CL 77 Y CL 77A - KR 11 Y KR 12,"Cruz Reyes, Juan",ca. 1938,"102367,21","107303,02"
Chapinero,Juan Montalvo,E_Antropomorfa,CL 80 Y CL 81 - KR 10 Y KR 11,"Mideros Almeida, Luis",ca.1938,"102719,6929","107526,7375"
Chapinero,Monumento a los heroes,Conjunto escultorico,AK 13 - AC 80,"Fremiet, Emmanuel (escultura)",ca. 1910 (escultura),"101869,36","107745,73"
Chapinero,Sin titulo,E_Abstracta,KR 7 - AC 82,"Alvarez, Raul",1997,"103189,8438","107410,464"
Chapinero,Antonio Ricaurte,E_Antropomorfa,AC 82 - KR 8,"Greber, Henri Leon (escultura)",ca. 1910,"103096,32","107509,16"
Chapinero,Carlos E. Restrepo,E_Antropomorfa,KR 13 42A 25,"Cano Cardona, Francisco Antonio",1925,"101177,57","103808,81"
Chapinero,Cuarto centenario del nacimiento de Miguel de Cervantes Saavedra,Placa,AC 82 - KR 8,Anonimo,1947,"103078,78","107527,71"
Chapinero,Miguel de Cervantes Saavedra,E_Antropomorfa,CL 82 Y CL 83 - KR 9 Y KR 10,"Acevedo Bernal, Ricardo (modelado)",ca. 1916,"102967,5145","107677,1043"
Chapinero,Miguel Grau Seminario,E_Antropomorfa,KR 10 - CL 82 Y CL 83,Anonimo,ca. 2002,"102904,2195","107715,717"
Chapinero,San Josemaria Escrivi de Balaguer,E_Geometrica,CL 85 - KR 7A Y KR 8,"Montañes y Montañes, Fernando",ca. 2003,"103294,9302","107678,2217"
Chapinero,Louis Pasteur,E_Antropomorfa,CL 87 - KR 8,Anonimo,ca. 1996,"103401,331","107970,881"
Chapinero,Alvaro Gomez,E_Zoomorfa,AK 11 - CL 87,Anonimo,Sin fecha,"103020,776","108148,7712"
Chapinero,Movimiento en tres tiempos,E_Abstracta,KR 15 88 64,"Hakim, Claudia",2012,"102715,8525","108634,8934"
Chapinero,"El sacrificio, homenaje a Luis Carlos Galan Sarmiento",E_Antropomorfa,AK 7 - CL 92A,"Laserna, Liliana",1992,"103767,8173","108317,0445"
Chapinero,Diana Turbay Quintero,E_Antropomorfa,CL 93 - KR 7,"Hernandez Pinto, Alejandro",ca. 1993,"103824,04","108442,07"
Chapinero,Alejandro Osorio Uribe,E_Antropomorfa,CL 54 Y CL 54A - KR 6 Y KR 7,"Llamosa Malagon, Ernesto",1970,"101691,838","104888,0392"
Chapinero,Julio Cesar Turbay Ayala,E_Antropomorfa,KR 7- CL 94,"Hernandez Pinto, Alejandro",ca. 2010,"103965,8137","108659,5325"
Chapinero,Laureano Gomez,E_Antropomorfa,TV 19A - DG 92,"Montañes y Montañes, Fernando",ca.1994,"102678,3733","109535,5115"
Chapinero,Americo Vespucio,Conjunto escultorico,AK 7 - CL 96,"MartAnez Charry, Octavio",1987,"104117,4","108933,51"
Chapinero,Carlos Gardel,E_Antropomorfa,KR 10 - CL 97,"Ferraro, Juan Carlos",1986,"103765,5386","109215,557"
Chapinero,Homenaje a Gandhi,E_Abstracta,AK 7 - CL 100,"Bursztyn, Feliza",1971,"104372,99","109215,22"
Chapinero,Espejo de la luna,E_Abstracta,CL 100 8A 59,"RamArez Villamizar, Eduardo",1981,"104070,77","109363,22"
Chapinero,Jose Antonio Anzoategui,E_Antropomorfa,CL 100 - TV 23,"Poletto, Santiago",Sin fecha,"102379,41","109977,19"
Chapinero,Traje ceremonial inca,E_Abstracta,CL 70A 7 41,"RamArez Villamizar, Eduardo",ca.1986,"102311,9675","106373,9494"
Chapinero,Buzon de correo del Bosque Calderon,Buzón exento,KR 4A Y LA TV 4BIS - CL 57 Y CL 58,No aplica,ca. 1965,"101889,14","105127,13"
Chapinero,Reloj de la Capilla de Cristo Rey,Reloj,CL 74 11 56,No aplica,ca.1927,"102225,38","106972,3"
Chapinero,Hacia el infinito,E_Antropomorfa,CL 57 9 07,"Arango Muñoz, Salvador",ca. 1983,"101590,893","105203,8539"
Chapinero,Bernardo O'Higgins,E_Antropomorfa,KR 6 - CL 77,Anonimo,Sin fecha,"102863,29","106929,54"
Chapinero,Venados,E_Zoomorfa,CL 71 6 24,"Fonseca Ortiz, Jose Hernando",ca. 1997,"102477,73","106450,66"
Chapinero,Mujer con niño,E_Antropomorfa,KR 11 86 32,Anonimo,Sin fecha,"103012,105","108059,039"
Chapinero,Mujer con media,E_Antropomorfa,KR 11 86 32,Anonimo,Sin fecha,"103017,0988","108071,0808"
Chapinero,Menorah,E_Abstracta,CL 94 - AK 11,"Grossman, Joel",2006,"103495,49","108945,61"
Chapinero,Stylos,E_Abstracta,CL 100 19A 35,"Vayda, Ronny",2007,"102706,38","109909,36"
Chapinero,Plegaria por la paz,E_Antropomorfa,KR 4 72BIS 35,"Arango, Salvador",ca. 1976,"102736,5168","106424,6948"
Chapinero,Primera piedra Iglesia de la Inmaculada,Placa,KR 11 - AC 72,Orden franciscana,1919,"102121,9847","106746,6374"
Chapinero,San Juan Bautista de la Salle,E_Antropomorfa,KR 5 - CL 59ABIS Y CL 60A,Padres de alumnos liceAstas,ca.1951,"101928,28","105385,62"
Chapinero,San Jose y el niño,E_Adosadas,KR 5 59A 44,Anonimo,Escultura: ca. 1919,"101959,78","105399,65"
Chapinero,Julio Florez,E_Antropomorfa,CL 60 7 49,"Pinto Maldonado, Luis",ca. 1967,"101772,93","105438,38"
Chapinero,Manuel Roergas de Serviez,E_Antropomorfa,CL 61 4A 21,"Benitez Bolaños, Gerardo",ca. 1966,"102016,0546","105440,2366"
Chapinero,Monumento a bomberos,E_Antropomorfa,CL 62 9A 19,"Llamosa Malagon, Ernesto",ca. 1964,"101684,075","105731,0952"
Engativa,Perfiles interiores,E_Abstracta,CL 81A - KR 73A,"Lopez Yepes, Duvan",ca. 1999,"98549,74366","111305,0686"
Engativa,Pierna,E_Antropomorfa,CL 81A - KR 73A,"Hanna, Jorge",ca. 1987,"98564,14898","111303,7755"
Engativa,Hombre mirando al infinito ,E_Antropomorfa,CL 81A - KR 73A,"Roman, Celso",ca. 1980,"98604,69212","111340,8629"
Engativa,Escala de Jacob,E_Geometrica,CL 81A - KR 73A,"Ardila Plata, Augusto",ca. 1985,"98564,85","111334,61"
Engativa,Alhambra,E_Geometrica,CL 81A - KR 73A,"Henao, Alvaro",ca. 1988,"98569,09","111339,6"
Engativa,Sin titulo,Mural,KR 74 82A 81,"Pardo, MarAa Teresa",ca.1985,"98550,96","111317,28"
Engativa,Perfidos,E_Abstracta,CL 81A - KR 73A,"Zapata, Hugo",ca. 2009,"98577,15","111303,78"
Engativa,Gaviota,E_Abstracta,TV 74 81C 81,"Nierman, Leonardo",ca. 1976,"98572,65","111392,42"
Engativa,Eclipse,E_Geometrica,TV 74 81C 81,"Riaño Salazar, Alberto",ca. 1988,"98560,81845","111374,8449"
Engativa,Familia,E_Antropomorfa,KR 73A - CL 81B,"Ferrer Barrera, German",ca. 1966,"98625,57","111289,76"
Engativa,Gustavo Rojas Pinilla,E_Antropomorfa,KR 70 - CL 72,Anonimo,ca. 1982,"98431,15","109687,11"
Engativa,Maternidad,E_Antropomorfa,KR 73A - CL 81B,Anonimo,ca. 1970,"98635,62","111303,25"
Engativa,El nacimiento del mundo,E_Abstracta,KR 74 82A 81,"RodrAguez Arango, Carlos",1986,"98578,62608","111350,3025"
Engativa,Tuerca de espiral,E_Abstracta,CL 81A - KR 73A,"Amaral, Jim",ca. 2001,"98570,30046","111303,3355"
Engativa,Signo centenario,E_Abstracta,CL 81A - KR 73A,"Hernandez, Manuel",ca. 2009,"98587,68491","111300,5901"
Engativa,Sembrar miradas,E_Fitomorfa,CL 81A - KR 73A,"Padilla Beltran, Cesar",ca. 2009,"98603,65712","111308,753"
Engativa,Signo encuentro,Mural,KR 74 82A 81,"Hernandez, Manuel",ca. 1986,"98558,4272","111324,5201"
Engativa,Oriente,E_Abstracta,CL 81A - KR 73A,"Castles, John",ca. 2001,"98553,74","111360,67"
Engativa,Composicion,E_Abstracta,CL 81A - KR 73A,"Urueta, Luis Eduardo",ca. 1986,"98546,99","111297,7"
Engativa,Jose Celestino Mutis,E_Antropomorfa,AC 63 68 95,"Bañuelos, Tomas",1988,"97770,3","107940,92"
Engativa,Mutisia clematis,Conjunto escultorico,AC 63 68 95,"Cristancho, Gisella",1997,"97793,58","107954,81"
Engativa,San Juan Bosco,Conjunto escultorico,DG 44 69 96,Anonimo,ca. 1957,"96650,828","107243,3261"
Engativa,Totem,E_Abstracta,CL 26 68B 74,"Negret, Edgar",ca. 1979,"96905,68921","106797,8895"
Engativa,Cristo desnudo,E_Antropomorfa,CL 81A - KR 73A,"Arosemena, Justo",ca. 1971,"98581,03522","111344,0495"
Engativa,Obelisco,E_Abstracta,CL 81A - KR 73A,"Rojas Gonzalez, Carlos",ca. 1974,"98543,81","111315,16"
Engativa,Catedral policromada,E_Abstracta,CL 81A - KR 73A,"RamArez Villamizar, Eduardo",ca. 1984,"98576,25332","111356,2257"
Engativa,Piedad barequera,E_Antropomorfa,CL 81A - KR 73A,"Arenas Betancourt, Rodrigo",ca. 1987,"98596,07","111343,4"
Engativa,Custodia,E_Geometrica,KR 74 82A 81,"RamArez Villamizar, Eduardo",ca. 1964,"98554,98312","111351,2503"
Engativa,Ventana al infinito,E_Abstracta,KR 73A 81C 81,"Urueta, Luis Eduardo",ca. 1974,"98653,21985","111342,6593"
Engativa,Sisifo,E_Abstracta,CL 81A - KR 73A,"Ospina, NadAn",ca. 1981,"98559,52775","111304,7257"
Fontibon,Horizontes,E_Abstracta,AC 26 - KR 108,"Negret, Edgar",ca. 1994,"93407,45","110815,49"
Fontibon,Pedazo de rio,E_Geometrica,AC 26 - KR 120,"Salcedo, Bernardo",ca. 1994,"93137,4393","111172,4389"
Fontibon,Oracion al proscrito,E_Antropomorfa,AC 26 - KR 116,"Arenas Betancourt, Rodrigo",ca. 1957,"93089,20011","111189,1969"
Fontibon,Paso de Simon Bolivar de Suba a Fontibon,Placa,AC 26 - KR 96,Anonimo,1930,"94874,59777","109712,0387"
Fontibon,Puerta a Machu Picchu,E_Geometrica,CL 26 68B 85,"RamArez Villamizar, Eduardo",ca. 1984,"96855,27592","106610,4457"
Fontibon,Reloj de la Iglesia de Santiago Apostol,Reloj,KR 99 17A 62,No aplica,Mecanismo maestro: ca. 1896; Campana: 1949,"92621,60531","108513,7707"
Fontibon,Cruz atrial,Conjunto escultorico,KR 99 17A 62,Anonimo,Sin fecha,"92612,47451","108485,1361"
Fontibon,Santiago Apostol,E_Adosadas,KR 99 17A 62,Anonimo,Sin fecha,"92613,70783","108507,3131"
Fontibon,Campanas de la Iglesia de Santiago Apostol,Campana,KR 99 17A 62,No aplica,Campana 1: 1891; campana 2: 1928; campana 3: 1949,"92611,29139","108505,6944"
Fontibon,Homenaje a proceres de la Independencia,Placa,CL 18 99 02,Alcaldia de Fontibon,1983,"92617,46","108528,35"
,,,,Parroquia de Santiago Apostol,,,
Fontibon,Aqui vivio San Pedro Claver,Placa,KR 99 17A 62,Anonimo,ca.1944,"92618,94","108474,27"
Fontibon,Cacique Hyntiba,E_Antropomorfa,CL 17A 99 53,"Sanchez MartAnez, Hernando",2000,"92473,93517","108497,1743"
Fontibon,Conmemoracion reconstruccion Iglesia de Santiago Apostol,Placa,KR 99 17A 62,Anonimo,1948,"92618,6388","108511,8186"
Fontibon,Homenaje a Manuel Ricaurte Caycedo,Placa,KR 99 17A 62,Anonimo,1962,"92612,24","108497,61"
Fontibon,Homenaje a Luis Carlos Manrique Soriano,Placa,KR 99 17A 62,Anonimo,1979,"92610,26","108497,98"
Fontibon,Homenaje a Jose Ignacio Castillo Cervantes,Placa,CL 22HBIS 98A 67,"Castillo Cervantes, Teresa",1996,"93110,71716","108987,1282"
Fontibon,Beethoven,E_Antropomorfa,CL 22HBIS 98A 75,"Castillo Cervantes, Ignacio",ca. 1960,"93106,48","108990,53"
Fontibon,Nuestra Señora de la luz,Relieve,CL 22HBIS 98A 75,"Castillo Cervantes, Ignacio",ca. 1968,"93106,48","108990,53"
Fontibon,Flower Pot,E_Fitomorfa,AC 26 - KR 116,"Britto Tiesto, Romero",ca. 2013,"93155,97747","111163,9017"
Fontibon,Casa del pueblo,Placa,CL 17 A 99 53,Anonimo,1973,"92489,97","108499,14"
Fontibon,Lumbalu,E_Antropomorfa,AVENIDA LA CONSTITUCI├ôN (KR 68D) - CL 22A,"Lugo, Juan Manuel",2002,"96023,13","106038,03"
Fontibon,Carlos Lleras Restrepo,E_Antropomorfa,KR 70 22D 73,Ibañez,ca. 2000,"95538,41","106666,03"
Fontibon,Intihuatana,E_Abstracta,AC 26 - KR 81B,"Szyszlo, Fernando de",ca. 1994,"95737,9","108506,47"
Fontibon,Isabel la Catolica y Cristobal Colon,Conjunto escultorico,AC 26 - KR 98 Y KR 100,"Sighinolfi, Cesare",ca. 1896,"94392,76","110071,62"
,,,98 y 100,,,,
Fontibon,Puente de San Antonio,Estructura ingenieril,CL 17 - KR 96A,Anonimo,ca. 1640,"92999,81791","107682,7521"
Usaquen,Piano de luna,E_Abstracta,AK 7 116 04,"Hakim de Neme, Claudia",ca.2000,"104972,1151","110807,661"
Usaquen,Simon Bolivar,E_Antropomorfa,KR 6A - CL 118,"Pinto Maldonado, Luis",ca. 1930 -1940,"105136,4484","110927,7389"
Usaquen,Fuente,Fuente,KR 6A YKR 6 - CL 118 Y CL 119,Anonimo,ca. 1950,"105176,4705","110942,5677"
Usaquen,Francisco de Paula Santander,E_Antropomorfa,AK 7 150 21,"Pinto Maldonado, Luis",ca. 1939-1982,"105781,7337","114239,6658"
Usaquen,Titanes de la comunicacion,Conjunto escultorico,CL 113 7 45,"Gutierrez, Roberto",ca. 1996,"104736,0005","110517,6041"
Usaquen,Sin titulo,E_Geometrica,AC 134 - KR 9,"Alvarez, Raul",1998,"105008,7079","112861,3775"
Usaquen,"Eva Duarte de Peron ""Evita""",E_Antropomorfa,CL 122 Y CL 121 - KR 20 Y KR 21,Anonimo,ca. 1994,"102885,96","111658,74"
Usaquen,Nuestra Señora de las Misericordias,E_Antropomorfa,KR 7 - CL 110A Y CL 111,Anonimo,ca. 1945,"104789,9057","110308,4245"
Usaquen,Reloj de la Iglesia Santa Barbara de Usaquen,Reloj,KR 6 118 40,Anonimo,ca.1994,"105212,5702","110924,1712"
Usaquen,Campanas de la Iglesia Santa Barbara de Usaquen,Campana,KR 6 118 40,Anonimo,Campana 1: 1915,"105213,1306","110926,0073"
,,,,,Campanas 2 y 3: 1959,,
Usaquen,Homenaje al Concejo Municipal de 1893,Placa,KR 6A 118 03,Anonimo,1893,"105117,6405","110933,1375"
Usaquen,Primera Junta Administradora Local,Placa,KR 6A 118 03,Anonimo,1992,"105120,8937","110939,7488"
Usaquen,Homenaje a Simon Bolivar,Placa,KR 6A 118 03,"Malagon Bravo, Eduardo",1996,"105125,6003","110943,6315"
Usaquen,Testimonio de la construccion de la Institucion Educativa General Santander,Placa,CL 119 6 40,Administracion Municipal de Usaquen,1935,"105167,994","110995,5587"
Santa Fe,Chorro de Padilla,Fuente,AV. CIRCUNVALAR (KR 5A E) CON CL 22,Anonimo,0,"102075,31","100566,39"
Santa Fe,Puente Carlos Holguin,Estructura ingenieril,AV. CIRCUNVALAR (KR 5A E) CON CL 22,"Manrique Canals, Alejandro",ca.1890,"102052,3111","100573,2391"
San Cristobal,Simon Bolivar,E_Antropomorfa,CL 13A S - KR 7,Anonimo,ca. 1959 - 1960,"98736,76261","97999,98199"
San Cristobal,Jose Maria Cordoba,E_Antropomorfa,CL 28 SUR - KR 1 ESTE,Anonimo,ca.1955,"98542,05122","96467,53616"
San Cristobal,Jorge Eliecer Gaitan,E_Antropomorfa,KR 7 - CL 24 SUR Y CL 25 SUR,"Vieco, Bernardo",0,"98160,64853","97237,17562"
San Cristobal,Naturaleza,E_Antropomorfa,CL 46A SUR - KR 3C ESTE,"Patiño Barreto, Edgar",ca.1997,"97971,25087","94277,19218"
San Cristobal,San Ignacio de Loyola,E_Antropomorfa,CL 8A SUR 5A 10,Anonimo,0,"99217,68712","98215,42574"
San Cristobal,San Francisco Javier,E_Antropomorfa,CL 8A SUR 5A 10,Anonimo,0,"99221,68726","98212,29742"
San Cristobal,Simbolos del Instituto para Niños Ciegos Fundacion Juan Maria Pardo Ospina,Relieve,KR 12 ESTE 11 30 SUR,Anonimo,0,"100075,4108","97224,99135"
San Cristobal,Homenaje al cuerpo docente del Instituto Colombiano para Ciegos,Placa,KR 12 ESTE 11 30 SUR,Instituto Colombiano para Ciegos,1932,"100074,4946","97223,4259"
San Cristobal,Bodas de oro de la devocion al Divino Niño Jesus del 20 de julio,Placa,KR 5A 27 19 SUR,Obra salesiana del Niño Jesus y,1985,"98031,94059","96927,06471"
San Cristobal,Cincuentenario de la Parroquia del Divino Niño Jesus del 20 de julio,Placa,KR 5A 27 19 SUR,Feligreses agradecidos,1992,"98037,44123","96921,52238"
San Cristobal,Primera piedra del barrio San Francisco Javier,Placa,CL 9 SUR 5 75,CArculo de Obreros,ca. 2013,"99194,94192","98138,37681"
San Cristobal,Terminacion de la segunda manzana del barrio San Francisco Javier,Placa,KR 5 8A 15 SUR,CArculo de Obreros,1920,"99281,87","98116,14"
San Cristobal,Primera piedra de la Iglesia de San Cristobal,Placa,CL 17A SUR 3D 81 ESTE,Parroquia de San Cristobal,1954,"99399,31","97296,23"
San Cristobal,Terminacion de la construccion de la Iglesia de San Cristobal,Placa,CL 17A SUR 3D 81 ESTE,Parroquia de San Cristobal,1967,"99413,11397","97307,09393"
San Cristobal,Reloj de la Iglesia del Divino Niño Jesus 20 de julio,Reloj,KR 5A 27 19 SUR,Anonimo,ca. 1992,"98036,06209","96922,64159"
San Cristobal,Campanas de la Iglesia de San Francisco Javier,Campana,CL 8A SUR 5A 10,Portilla Hermanos Ltda.,ca. 1960-1968,"99208,53279","98223,57971"
San Cristobal,Campanas de la Iglesia del Divino Niño Jesus del 20 de julio,Campana,KR 5A 27 19 SUR,Anonimo,1955,"98034,38874","96921,50704"
Usme,Usminia,E_Antropomorfa,CL 84 SUR - KR 14,"Quiñonez, Gabriel",ca.1997,"95924,57989","90251,23911"
Usme,Llama olimpica,E_Geometrica,KR 14I 91B 04 SUR,"Gamboa, Jaime",ca. 1998,"95437,72525","90291,54938"
Usme,Saguamanchica,E_Geometrica,KR 8 BBIS 79 45 SUR,"Gamboa, Jaime",ca. 1998,"96302,41082","90429,2829"
Tunjuelito,Patillas de la cordialidad,E_Fitomorfa,CL 48C SUR 22D 81,"Hoyos, Ana Mercedes",2000,"93924,7637","97498,85714"
Tunjuelito,Santiago Perez,E_Antropomorfa,KR 24 48C 86 SUR,Estudiantes de artes del INEM de Neiva,ca. 1996,"93981,08507","97770,17657"
Tunjuelito,Mahatma Gandhi,E_Antropomorfa,CL 48C SUR 22D 81,"Pal, Gautam",2003,"94207,15339","97357,5924"
Bosa,Cruz atrial,E_Geometrica,KR 80H - CL 60 SUR y CL 61 SUR,Anonimo,0,"88139,14186","101486,0432"
Bosa,Alameda,E_Fitomorfa,CL 59 SUR - KR 94,"Salcedo, Bernardo",ca. 2000 - 2001,"87060,57","104095,13"
Bosa,Antonio Maria Claret,E_Adosadas,CL 60 SUR 80H 58,Anonimo,0,"88209,17835","101600,3912"
Kennedy,"Sia, diosa del agua",Conjunto escultorico,AVENIDA DE LAS AM├ëRICAS CON KR 70,"Escultura: Zerda, MarAa Teresa",ca.1946 - 1948,"94019,08803","103714,1806"
,,,,"Portico : Vengoechea, Manuel de",,,
Kennedy,Camilo Torres,E_Antropomorfa,AVENIDA PRIMERO DE MAYO - CL 38C S,Anonimo,Escultura: ca. 2005,"92028,47121","102326,9399"
,,,,,Pedestal: ca. 1964,,
Kennedy,Monumento a las banderas,Conjunto escultorico,AVENIDA DE LAS AM├ëRICAS - KR 78K,Conjunto escultorico (pilares):,ca.1948,"92145,77838","103875,74"
,,,,"Neira MartAnez, Alonso",,,
Kennedy,"El arco, homenaje a Manuel Cepeda Vargas",E_Geometrica,AVENIDA DE LAS AM├ëRICAS - KR 74,"Negret, Edgar",ca.1997,"92729,35984","103898,2608"
Kennedy,Reloj Edificio Compensar,Reloj,TV 78H 41C 48 S,"Diseño: Brunner, Konrad",ca. 2000,"91065,15365","102184,1833"
Kennedy,Primera casa del programa Alianza para el progreso,Placa,CL 38 SUR 74 29,Placa 1: Anonimo,Placa 1: 1961,"91953,2313","102638,3421"
Kennedy,Inmaculada Concepcion,E_Antropomorfa,CL 41B S 78I 50,Anonimo,ca.1985,"91111,17582","102414,2532"
Kennedy,Sueño infantil,E_Antropomorfa,CL 44 SUR - KR 80G,"Daza, Jose Manuel",ca. 2000,"89997,89581","102831,1953"
Kennedy,Homenaje a A.J.F,E_Abstracta,DG 45 SUR - KR 80G,"Daza, Jose Manuel",ca. 2000,"89954,74503","102829,7908"
Kennedy,Dedo,E_Antropomorfa,CL 41D STV 78HBIS - CL 41D SUR,Junta de Accion Comunal,ca. 1983-1985,"91034,6923","102266,6145"
Suba,Flora y fauna del municipio de Suba,Mural,AVENIDA SUBA - DG 136,"Bohorquez, Jose Manuel",ca.1995-1996,"99948,49332","115246,1981"
Suba,Sinopsis historica de Suba,Mural,AVENIDA SUBA - DG 136,"Bohorquez, Jose Manuel",ca.1995 - 1996,"99947,74665","115249,7171"
Suba,La mujer del columpio,E_Antropomorfa,AC 139 - KR 77,"Garzon Correa, Emiro",ca.1996,"100105,3771","115120,614"
Suba,Angeles agustinianos,Conjunto escultorico,AC 139 - KR 76,"Paez Ferro, Julio",2007,"100270,7","115110,42"
Suba,Memoria visual de Suba,Mural,AVENIDA SUBA - DG 136,"Arriaga, Guillermo; Convergencia ArtAstica",ca.1998,"99917,60218","115210,3068"
Suba,Encuentro de dos mundos,Conjunto escultorico,AVENIDA SUBA - DG 136,"Lopera, Jorge",ca.1996 - 1997,"99855,22581","115235,8507"
Suba,Derecho a la vida,E_Antropomorfa,KR 100 A - CL 128C,"Rodriguez Lara, Jose Gerardo",ca.1997,"97639,76948","114525,2082"
Suba,Reloj de la Iglesia de la Inmaculada Concepcion,Reloj,KR 90 146C 40,No aplica,1939,"99349,12806","116024,7919"
Suba,La Gaitana,E_Antropomorfa,TV 125BIS - CL 135A,"Salvador, Ricardo",1991,"96638,30191","116169,4809"
Suba,Estampa muisca,Mural,AVENIDA SUBA - DG 136,"Piñeres, Carlos",ca.1998,"99882,44385","115269,8198"
Suba,Parque ludico Puerta del Sol,Conjunto escultorico,CL 139 126C - 02,"Colmenares, Manolo; MACI (Movimiento ArtAstico Cultural IndAgena)",ca. 2000,"96671,62621","116555,509"
Suba,Rodrigo Lara Bonilla,E_Geometrica,AC 127 - KR 46,"Proyecto: Cruz, Vladimiro",Proyecto: 1985,"102447,5444","112255,9378"
,,,,Construccion: IDU,Conjunto escult├│rico: 1987,,
Suba,Rodrigo Lara Bonilla,E_Antropomorfa,AC 127 - AVENIDA SUBA,"Avila Martinez, Luis Alfredo",1985,"100715,2358","112718,0267"
Suba,Julio Florez,E_Antropomorfa,CL 94A - KR 69,"Pinto Maldonado, Luis",ca.1967,"99888,648","110247,7178"
Suba,Mamapacha,Mural,KR 91 146C 57,"Colmenares, Manolo;",ca.1995,"99253,27509","116037,0359"
,,,,MACI (Movimiento ArtAstico Cultural IndAgena),,,
Suba,Cacique de Suba,E_Antropomorfa,CL 169B - KR 92 V├ìA COTA,"Colmenares, Manolo;",ca. 1994,"100030,1312","118008,8559"
,,,,MACI (Movimiento ArtAstico Cultural IndAgena),,,
Suba,Creacion del mundo segun la cosmogonia muisca,Mural,KR 111A 139 88,"Colmenares, Manolo. MACI (Movimiento ArtAstico Cultural IndAgena)",ca.1994,"97230,86171","116260,173"
Suba,Virgen con el Niño,E_Antropomorfa,DG 135 Y DG 136 - KR 67,Anonimo,ca.1946,"99871,00345","115217,2178"
Suba,"La naturaleza, el hombre y la tecnologia",E_Geometrica,AK 58 137B 35,"Estrada, Manuel",1996,"101425,1494","114584,8687"
Suba,Sufrimientos y esperanzas de la niñez colombiana,E_Antropomorfa,TV 60 128A 51,"RAos Vanegas, Alonso",1989,"100431,2939","113324,657"
Suba,Homenaje al paso de Simon Bolivar por Suba,Placa,KR 90 Y KR 91 - CL 146CBIS Y CL 147,Municipio de Suba,ca.1930,"99284,87295","116020,0517"
Suba,Restauracion del edificio de sesiones del antiguo Concejo Municipal de Suba,Placa,KR 91 146C 29,Primera Junta Administradora Local de Suba,1994,"99253,55419","116019,7384"
Suba,Homenaje a Francisco de Paula Santander,Placa,KR 91 146C 29,Municipio y Escuelas de Suba,1940,"99253,97473","116021,8278"
Suba,Homenaje a Simon Bolivar,Placa,KR 91 146C 29,Concejo Municipal de Suba,1930,"99255,61615","116030,4364"
Suba,Aniversario de la primera Junta Administradora Local de Suba,Placa,CL 146CBIS 90 57,AlcaldAa Local de Suba,1993,"99266,74787","115980,5278"
Suba,Primera piedra Parroquia Inmaculada Concepcion,Placa,KR 90 146C 40,"Ayape, Eugenio",1937,"99347,50435","116030,3061"
Suba,Buzon de correo de Suba,Buzón exento,KR 92 - CL 146CBIS,No aplica,ca.1936 - 1952,"99173,37865","116004,0801"
Suba,Alegoria a la educacion,Conjunto escultorico,KR 111A 139 88,"Osorio Bisbal, Jose Vicente",ca. 2000,"97241,9543","116297,368"
Suba,Campanas de Iglesia de la Inmaculada Concepcion de Suba,Campana,KR 90 146C 40,Anonimo,1959,"99351,67692","116034,1579"
Barrios Unidos,Manuela Ayala de Gaitan,E_Antropomorfa,DG 76BIS - KR 51,Anonimo,ca.1943,"100710,0363","108448,0255"
Barrios Unidos,Jorge Eliecer Gaitan,E_Antropomorfa,KR 54 - CL 78 A,"Nieto L., Anacleto",ca.1957,"100555,1428","108706,1911"
,,,,"Pinto Maldonado, Luis",,,
Barrios Unidos,Siervo de Jesus Cruz,E_Antropomorfa,CL 86 A - KR 24,Anonimo,ca.2000,"101596,5118","108717,7672"
Barrios Unidos,Rafael Uribe Uribe,E_Antropomorfa,KR 29 A - CL 71C,"Cuellar, Silvano",ca. 1914 - 1938,"100567,8338","107721,73"
Barrios Unidos,Reloj de la Iglesia San Fernando Rey,Reloj,CL 72 57A 16,Anonimo,0,"99917,82202","108346,9627"
Barrios Unidos,Primera piedra de la Iglesia San Fernando Rey,Placa,CL 72 57A 16,Arquidiocesis de Bogota,1941,"99921,64334","108341,8766"
Barrios Unidos,Primera piedra de la Iglesia de la Asuncion de Nuestra Señora,Placa,CL 79 28A 47,Anonimo,1943,"101219,24","108293,11"
Barrios Unidos,Primera piedra de la casa cural de la Parroquia de la Asuncion de Nuestra Señora,Placa,CL 79 28A 47,Arquidiocesis de Bogota,1949,"101223,7541","108291,7736"
Barrios Unidos,Primera piedra Convento Siervas de Maria,Placa,CL 72 27 10,Arquidiocesis de Bogota,1956,"100981,2761","107543,9508"
Barrios Unidos,Jose Maria Cordova,E_Ecuestre,CL 80 50 06,"Paez Ferro, Julio",2010,"101027,6632","108740,347"
Teusaquillo,Reloj del Instituto Geografico Agustin Codazzi,Reloj,AK 30 48 51,No aplica,1960,"99745,67437","104701,0041"
Los Martires,Antonio Ricaurte,E_Antropomorfa,CL 9 - KR 28,"Greber, Henri Leon",ca.1923,"98179,21679","101356,8693"
Los Martires,Jorge Eliecer Gaitan,E_Antropomorfa,CL 9 - KR 28,"Pinto Maldonado, Luis",ca.1949,"98175,24355","101356,3377"
Los Martires,Hombre a caballo,E_Ecuestre,AC 26 19B 55,"Botero, Fernando",ca.1999,"100109,4287","102645,8333"
Los Martires,Diego Uribe,Conjunto escultorico,KR 24 - CL 12B Y CL 13,"Acuña, Luis Alberto",ca.1937,"98819,96895","101539,9171"
Los Martires,Virgen de Fatima,E_Adosadas,CL 22D 17 33,"MartAnez, Hugo",ca.1954,"100042,6408","101898,3414"
Los Martires,Aparicion de la Virgen de Fatima,Mural,CL 22D 17 33,"Ospina, Marco",1954,"100044,5389","101892,66"
Los Martires,Jose Ignacio Barberi,E_Antropomorfa,AK 14 1 65,"Cano, Francisco Antonio",1926,"98845,65013","99698,53062"
Los Martires,Escudo de Colombia,E_Adosadas,AC 13 18 90,"Colombo, Ramelli",ca.1913-1917,"99365,27018","101207,4761"
Los Martires,Erato,Relieve,KR 15 13 63,"Vieco, Bernardo",ca.1938,"99705,50552","100950,6464"
Los Martires,Francisco Antonio Zea,E_Antropomorfa,AK 14 - CL 7,Anonimo,0,"99275,45639","100235,5401"
Antonio Nariño,Carlos E. Restrepo,E_Antropomorfa,KR 17 Y KR 18 - CL 19B SUR,"Cano, Francisco Antonio",1924,"97225,0921","98585,8924"
Antonio Nariño,Francisco de Paula Santander,E_Antropomorfa,KR 29 A - CL 29 SUR,"Pinto Maldonado, Luis",ca.1940,"95976,91151","99346,19001"
Antonio Nariño,San Antonio de Padua,Mural,KR 14 6 33 SUR,"Hernandez GarcAa, Emiliano",ca.1963,"98261,95025","99034,42939"
Puente Aranda,Bacata,E_Geometrica,KR 56 - CL 3A BIS y CL 4,Anonimo,1989,"95390,53808","102648,3228"
Puente Aranda,Jaime Pardo Leal,E_Antropomorfa,AC 20 - KR 43A,"Garzon Correa, Emiro",ca.1989,"97600,38966","103352,3232"
La Candelaria,25 años un grito de dignidad contra la impunidad,Placa,KR 7 - CL 10,Familiares de los desaparecidos del Palacio de Justicia,2010,"100258,7023","100233,8345"
Rafael Uribe Uribe,Marco Fidel Suarez,E_Antropomorfa,TV 13H - DG 45F S,"Alarcon, Daniel",ca. 1989 -1990,"95087,51026","97049,95088"
Rafael Uribe Uribe,John F. Kennedy,E_Antropomorfa,CL 24 SUR Y CL 25 SUR - KR 10B y KR 10C,"Pinto Maldonado, Luis",1964,"97728,06896","97595,22931"
Rafael Uribe Uribe,Enrique Olaya Herrera,E_Antropomorfa,KR 24 - CL 23 SUR Y CL 24 SUR,"Gomez Castro, Carlos",ca. 1968,"96764,64892","98675,32668"
Rafael Uribe Uribe,Jorge Eliecer Gaitan,E_Antropomorfa,CL 22 SUR - KR 24,"Vargas, Moises",1959,"96886,95035","98713,73414"
Rafael Uribe Uribe,Luis Carlos Galan,Conjunto escultorico,KR 26B - CL 27 S,"Garzon, Emiro",1990,"96221,87245","98972,10674"
Rafael Uribe Uribe,Antonio Maria Claret,E_Antropomorfa,CL 44 SUR - TV 27BIS y KR 27,Anonimo,ca.1953,"94465,93467","98581,57496"
Rafael Uribe Uribe,Santa Lucia,E_Antropomorfa,AK 14 - CL 44 SUR,Anonimo,0,"94896,3057","97623,62315"
Rafael Uribe Uribe,San Jose y el Niño,E_Antropomorfa,CL 22 SUR - KR 12D y KR 12DBIS,Anonimo,ca.1960,"97509,55566","98123,11841"
Ciudad Bolivar,Puente del indio,Estructura ingenieril,TV 40 - KR 42 Y KR 43,Anonimo,0,"90407,48478","96937,69701"
Ciudad Bolivar,Cruz de Uraba,E_Geometrica,CL 75 SUR - KR 46 Y KR 46B,Anonimo,ca. 1996,"90252,45173","97281,08558"
Ciudad Bolivar,El sapo,E_Zoomorfa,DG 86B SUR - KR 18Q,"Bustos, Harold - Semillas Creativas y Comunidad Barrio Juan Pablo II",ca. 1997 - 1998,"92144,72755","95365,42674"
Ciudad Bolivar,Tributo a la vida,E_Antropomorfa,CL 88 S - KR 18PBIS Y KR 18Q,"Bustos, Harold",2007,"92188,71156","95369,34739"
Ciudad Bolivar,Nuestra Señora de la Candelaria,E_Antropomorfa,CL 64C S 24 98,Anonimo,ca. 1985,"92044,90849","96869,52704"
Ciudad Bolivar,Entrega de la primera etapa de Arborizadora Baja,Placa,KR 38 - CL 58C SUR,Caja de Vivienda Popular,1990,"91974,33","97556,69"
,,,,AlcaldAa Mayor de Bogota,,,
Santa Fe,Homenaje a Enrique Alvarez Henao,Placa,KR 7 17 48,Instituto Colombiano de Apicultura,1974,"100612,7453","100848,4808"
Santa Fe,Reproduccion Escultura No. 27,E_Antropomorfa,KR 7 37 21,Anonimo,ca. 1971,"101264,8355","103197,6746"
Santa Fe,Homenaje a Rosa Elvira Cely,Placa,CL 39 - KR 1 Y KR 5,Placa izquierda: Instituto Distrital de Recreacion y Deporte (IDRD),Placa izquierda: ca. 2013,"101826,3483","103086,5757"
,,,,Placa derecha: Colectivo Casa Malandra,Placa derecha: ca. 2015,,
,,,,"Inscripcion: Cely, Adriana Arandia",,,
Santa Fe,Quiosco de la luz,Estructura arquitectonica,CL 26 - KR 5A,"Mendoza, Simon (Constructor)",ca. 1910,"100964,2375","101611,2175"
Chapinero,Buzon,Buzón exento,TV 4BIS Y KR 4A - CL 57 Y CL 58,No aplica,ca.1936 - 1952,"101891,4377","105126,6188"
Santa Fe,Pergolas del Parque Nacional Enrique Olaya Herrera,Pergola,CL 39 - KR 5,Ministerio de Obras Publicas,ca. 1933-1934,"101460,09","103075,85"
Santa Fe,Jose Manuel Groot,E_Antropomorfa,KR 7 Y KR 10 - CL 27,"Palacios, Eloy",Busto: 1893,"100867,5893","101893,0279"
,,,,,Pedestal: 1955,,
Chapinero,Alfonso Palacio Rudas,E_Antropomorfa,KR 13 - CL 93A Y CL 93B,"Escultura: Plazas Uscategui, Maria Eugenia.
Pedestal: Ruano, Consuelo (Diseño); Jimenez Mora, Deivy (Construccion)",ca. 2014,"103183,62","108956,18"
Usaquen,Fryderyk Chopin,E_Antropomorfa,KR 21 - CL 104A Y CL 105,"Busto: Anonimo Pedestal y basamento (Diseño): Zarama, Fernando; Buitrago, Emilio",ca.2006,"102621,1786","110591,5915"
Teusaquillo,Fuente de la juventud,Conjunto escultorico,CL 57 y CL 57A - DG 61B,"RodrAguez Forero, Guillermo",ca.1988,"100097,4649","105591,0676"
Teusaquillo,Gernika,Conjunto escultorico,DG 46 - TV 16A Y 17,"Betolaza Roman, Violeta",ca. 2011,"100773,8707","104264,9846"
Santa Fe,Girasol,E_Fitomorfa,CL 24 6 00,"Hoyos, Ana Mercedes",ca. 1984,"100927,808","101536,7834"
La Candelaria,Simon Bolivar,E_Antropomorfa,KR 2 12C 69,Anonimo,,"100889,228","100305,1048"